{"1vk.com.": {"ttl": 583, "place time": 1556404945.381616, "auth": "0", "answers": ["\u2514\f\u0000\u0001\u0000\u0001\u0000\u0000\u0002G\u0000\u0004]\u2551\u0441\u2534", "\u2514\f\u0000\u0001\u0000\u0001\u0000\u0000\u0002G\u0000\u0004]\u2551\u0441\u253c", "\u2514\f\u0000\u0001\u0000\u0001\u0000\u0000\u0002G\u0000\u0004W\u0401\u0411\u0415", "\u2514\f\u0000\u0001\u0000\u0001\u0000\u0000\u0002G\u0000\u0004W\u0401\u2562\u0440", "\u2514\f\u0000\u0001\u0000\u0001\u0000\u0000\u0002G\u0000\u0004W\u0401\u255bC"]}, "1e1.ru.": {"ttl": 179, "place time": 1556404948.474782, "auth": "0", "answers": ["\u2514\f\u0000\u0001\u0000\u0001\u0000\u0000\u0000\u2502\u0000\u0004\u2558\u2534\u0433\u0006", "\u2514\f\u0000\u0001\u0000\u0001\u0000\u0000\u0000\u2502\u0000\u0004\u2558\u2534\u0433\u0007"]}}